{
  "Target_BV": 1200.0,
  "Design_BV": 1440.0,
  "Breakdown_Margin": 1.2,
  "Nd_cm3": 2.660796640255387e+16,
  "Ec_Vcm": 3729412.312676487,
  "Wdep_um": 7.722396341672157,
  "Drift_um": 11.197474695424628,
  "Emitter_um": 2.015545445176433,
  "Substrate_um": 2.2394949390849255,
  "Ronsp_ohm_cm2": 0.0002918793597864346,
  "Material": "4H-SiC",
  "Family": "pin",
  "VoltageClass": "1.2kV",
  "Active_Area_cm2": 1.0
}
