{
  "Target_BV": 12000.0,
  "Design_BV": 14400.0,
  "Breakdown_Margin": 1.2,
  "Nd_cm3": 1235032397392380.5,
  "Ec_Vcm": 2540819.0308736004,
  "Wdep_um": 113.3492769459374,
  "Drift_um": 164.35645157160923,
  "Emitter_um": 4.0,
  "Substrate_um": 32.87129031432185,
  "Ronsp_ohm_cm2": 0.09230035789168906,
  "Material": "4H-SiC",
  "Family": "pin",
  "VoltageClass": "12kV",
  "Active_Area_cm2": 1.0
}
