{
  "Target_BV": 600.0,
  "Design_BV": 1100.0,
  "Breakdown_Margin": 1.2,
  "Nd_cm3": 3.324805816855415e+16,
  "Ec_Vcm": 3834729.421860383,
  "Wdep_um": 5.7370410216131775,
  "Drift_um": 8.318709481339107,
  "Emitter_um": 1.4973677066410394,
  "Substrate_um": 1.6637418962678217,
  "Ronsp_ohm_cm2": 0.00013015052190736183,
  "Material": "GaN",
  "Family": "pin",
  "VoltageClass": "600V",
  "Active_Area_cm2": 1.0
}
