{
  "Target_BV": 600.0,
  "Design_BV": 1100.0,
  "Breakdown_Margin": 1.2,
  "Nd_cm3": 3.8104075242031096e+16,
  "Ec_Vcm": 3900635.492345195,
  "Wdep_um": 5.640106603955668,
  "Drift_um": 7.6141439153401524,
  "Emitter_um": 0.0,
  "Substrate_um": 1.5228287830680305,
  "Ronsp_ohm_cm2": 0.00013859406531449228,
  "Material": "4H-SiC",
  "Family": "schottky",
  "VoltageClass": "600V",
  "Active_Area_cm2": 1.0
}
