{
  "Target_BV": 12000.0,
  "Design_BV": 15600.0,
  "Breakdown_Margin": 1.3,
  "Nd_cm3": 1110015070446459.0,
  "Ec_Vcm": 2507148.4481227305,
  "Wdep_um": 124.44416693140577,
  "Drift_um": 192.88845874367897,
  "Emitter_um": 0.0,
  "Substrate_um": 38.577691748735795,
  "Ronsp_ohm_cm2": 0.12052366969761326,
  "Material": "4H-SiC",
  "Family": "mosfet",
  "VoltageClass": "12kV",
  "Active_Area_cm2": 1.0
}
