{
  "Target_BV": 100.0,
  "Design_BV": 130.0,
  "Breakdown_Margin": 1.3,
  "Nd_cm3": 6.570078166617224e+17,
  "Ec_Vcm": 5568141.419564228,
  "Wdep_um": 0.46694216329790716,
  "Drift_um": 0.7237603531117561,
  "Emitter_um": 0.0,
  "Substrate_um": 1.5,
  "Ronsp_ohm_cm2": 7.640455162810726e-07,
  "Material": "4H-SiC",
  "Family": "mosfet",
  "VoltageClass": "100V",
  "Active_Area_cm2": 1.0
}
