{
  "Target_BV": 12000.0,
  "Design_BV": 14400.0,
  "Breakdown_Margin": 1.2,
  "Nd_cm3": 5739909168169.709,
  "Ec_Vcm": 157763.85147122387,
  "Wdep_um": 1825.5132421924372,
  "Drift_um": 2008.0645664116812,
  "Emitter_um": 0.0,
  "Substrate_um": 260.0,
  "Ronsp_ohm_cm2": 160.57252355093235,
  "Material": "Si",
  "Family": "schottky",
  "VoltageClass": "12kV",
  "Active_Area_cm2": 1.0
}
