{
  "Target_BV": 1200.0,
  "Design_BV": 1560.0,
  "Breakdown_Margin": 1.3,
  "Nd_cm3": 2.391454974228036e+16,
  "Ec_Vcm": 3679990.6559743523,
  "Wdep_um": 8.478282397089176,
  "Drift_um": 13.141337715488223,
  "Emitter_um": 0.0,
  "Substrate_um": 2.6282675430976448,
  "Ronsp_ohm_cm2": 0.00038112930820627513,
  "Material": "4H-SiC",
  "Family": "mosfet",
  "VoltageClass": "1.2kV",
  "Active_Area_cm2": 1.0
}
