{
  "Target_BV": 12000.0,
  "Design_BV": 15600.0,
  "Breakdown_Margin": 1.3,
  "Nd_cm3": 968553767431842.0,
  "Ec_Vcm": 2464787.0681214123,
  "Wdep_um": 126.58294261410465,
  "Drift_um": 196.2035610518622,
  "Emitter_um": 0.0,
  "Substrate_um": 39.24071221037244,
  "Ronsp_ohm_cm2": 0.10537543802371091,
  "Material": "GaN",
  "Family": "mosfet",
  "VoltageClass": "12kV",
  "Active_Area_cm2": 1.0
}
