{
  "Target_BV": 600.0,
  "Design_BV": 720.0,
  "Breakdown_Margin": 1.2,
  "Nd_cm3": 311610211274689.44,
  "Ec_Vcm": 259923.67137991756,
  "Wdep_um": 55.40087951032452,
  "Drift_um": 60.940967461356976,
  "Emitter_um": 2.0,
  "Substrate_um": 9.141145119203546,
  "Ronsp_ohm_cm2": 0.08976276949464265,
  "Material": "Si",
  "Family": "pin",
  "VoltageClass": "600V",
  "Active_Area_cm2": 1.0
}
