{
  "Target_BV": 12000.0,
  "Design_BV": 18720.0,
  "Breakdown_Margin": 1.56,
  "Nd_cm3": 4045577732156.351,
  "Ec_Vcm": 151013.9062022249,
  "Wdep_um": 2479.2418752391955,
  "Drift_um": 3099.052344048994,
  "Emitter_um": 0.0,
  "Substrate_um": 260.0,
  "Ronsp_ohm_cm2": 351.59844153998205,
  "Material": "Si",
  "Family": "mosfet",
  "VoltageClass": "12kV",
  "Active_Area_cm2": 1.0
}
