{
  "Target_BV": 1200.0,
  "Design_BV": 1440.0,
  "Breakdown_Margin": 1.2,
  "Nd_cm3": 2.32170236143983e+16,
  "Ec_Vcm": 3666399.2699995856,
  "Wdep_um": 7.855118299759877,
  "Drift_um": 10.604409704675835,
  "Emitter_um": 0.0,
  "Substrate_um": 2.120881940935167,
  "Ronsp_ohm_cm2": 0.00023759439851912692,
  "Material": "GaN",
  "Family": "schottky",
  "VoltageClass": "1.2kV",
  "Active_Area_cm2": 1.0
}
