{
  "Target_BV": 1200.0,
  "Design_BV": 1560.0,
  "Breakdown_Margin": 1.3,
  "Nd_cm3": 2.0866858357162336e+16,
  "Ec_Vcm": 3617812.653432957,
  "Wdep_um": 8.623995488100855,
  "Drift_um": 13.367193006556326,
  "Emitter_um": 0.0,
  "Substrate_um": 2.673438601311265,
  "Ronsp_ohm_cm2": 0.00033322639359283866,
  "Material": "GaN",
  "Family": "mosfet",
  "VoltageClass": "1.2kV",
  "Active_Area_cm2": 1.0
}
