{
  "Target_BV": 100.0,
  "Design_BV": 120.0,
  "Breakdown_Margin": 1.2,
  "Nd_cm3": 7.310044345532148e+17,
  "Ec_Vcm": 5642920.624033099,
  "Wdep_um": 0.4253116710127806,
  "Drift_um": 0.5741707558672539,
  "Emitter_um": 0.0,
  "Substrate_um": 1.5,
  "Ronsp_ohm_cm2": 5.44773578481445e-07,
  "Material": "4H-SiC",
  "Family": "schottky",
  "VoltageClass": "100V",
  "Active_Area_cm2": 1.0
}
