{
  "Target_BV": 600.0,
  "Design_BV": 1100.0,
  "Breakdown_Margin": 1.3,
  "Nd_cm3": 3.8104075242031096e+16,
  "Ec_Vcm": 3900635.492345195,
  "Wdep_um": 5.640106603955668,
  "Drift_um": 8.742165236131285,
  "Emitter_um": 0.0,
  "Substrate_um": 1.748433047226257,
  "Ronsp_ohm_cm2": 0.0001591265194351578,
  "Material": "4H-SiC",
  "Family": "mosfet",
  "VoltageClass": "600V",
  "Active_Area_cm2": 1.0
}
