{
  "Target_BV": 600.0,
  "Design_BV": 1100.0,
  "Breakdown_Margin": 1.2,
  "Nd_cm3": 3.324805816855415e+16,
  "Ec_Vcm": 3834729.421860383,
  "Wdep_um": 5.7370410216131775,
  "Drift_um": 7.74500537917779,
  "Emitter_um": 0.0,
  "Substrate_um": 1.5490010758355581,
  "Ronsp_ohm_cm2": 0.00012117462384478517,
  "Material": "GaN",
  "Family": "schottky",
  "VoltageClass": "600V",
  "Active_Area_cm2": 1.0
}
